Domaine;Produit;Entreprise;Année(s) de stage(s);;;;;;;;;;;;;;;;;;;;;;;;;;;;;;;;;;;;;Rue de l'entreprise;Ville de l'entreprise;Code postal de l'entreprise;Tel entreprise;Site web;Longitude Latitude;Plus Code;Directeur;;;;Mél(s);;Rang A et i;Entreprise et Rang A et i;Rang  i;Entreprise et  Rang  i;2030;2029;2028;2027;2026;2025;2024;2023;2022;2021;2020;2019;2018;2017;2016;2015;2014;2013;Points A  et  i;Points  i;;;A;B;C;D;E;;;F;G;H;I;J
Pharmaceutique;Médicaments;Delpharm Reims;                  ;;;;;;;;;;;;;;;;;;;;;;;;;;;;;;;;;;;;;10, rue colonel Charbonneaux;Reims;51100;326888110;https://www.linkedin.com/company/delpharmreims/?originalSubdomain=fr;49.2727416824859,  4.003045026580413 ;72F3+26 Reims;;;;;;;58;N° 58 Delpharm Reims;37;N° 37 Delpharm Reims;;;;;;;;;0;0;0;0;0;0;0;0;0;0;0;0;0;0;0;0;0;0;0;0;0;0;0;0;0;0
Alimentaire;sucrerie;Cristal union, Bazancourt;                  ;;;;;;;;;;;;;;;;;;;;;;;;;;;;;;;;;;;;;115, rue de Pomacle;Bazancourt;51110;03 26 03 31 81;https://www.linkedin.com/company/cristal-union/?originalSubdomain=fr;49.35053765521716, 4.16640323758108;;;;;;;;59;N° 59 Cristal union, Bazancourt;38;N° 38 Cristal union, Bazancourt;;;;;;;;;0;0;0;0;0;0;0;0;0;0;0;0;0;0;0;0;0;0;0;0;0;0;0;0;0;0
Cosmétique;Produits cosmétiques;Givaudan;                  ;;;;;;;;;;;;;;;;;;;;;;;;;;;;;;;;;;;;;Route de Bazancourt;Pomacle;51110;03 33 26 88 84 10;https://fr.linkedin.com/company/givaudan;49.34605589439471, 4.16102316839083;;;;;;;;59;N° 59 Givaudan;39;N° 39 Givaudan;;;;;;;;;0;0;0;0;0;0;0;0;0;0;0;0;0;0;0;0;0;0;0;0;0;0;0;0;0;0
Alimentaire;moutarderie;Moutarderie Bister France, St Thibault;"; 2016=1";;;;;;;;;;;;;;;;;;;;;;;;;;;;;;;;;;;;;Rue de l'Écluse;Saint-Thibault;10800;03 25 43 30 02;https://www.bioster.fr/;48.22326436776116, 4.130717400269605;;;;;;;;56;N° 56 Moutarderie Bister France, St Thibault;65;N° 65 Moutarderie Bister France, St Thibault;;;;;;;;;0;0;0;0;;;1;;;;2;0;0;0;0;0;0;1;0;0;0;0;0;0;0;0
Alimentaire;fromagerie;Fromagerie LAISTELLE;";2022=1";;;;;;;;;;;;;;;;;;;;;;;;;;;;;;;;;;;;;27 bis rue du Pâtis;GRASSIGNY-CHEMIN;52150;06 19 76 29 02;https://www.fromagerie-laistelle.fr/nos-produits/;48.166231227415075, 5.634658105273315;;;;;;;;42;N° 42 Fromagerie LAISTELLE;65;N° 65 Fromagerie LAISTELLE;;;;;;;;;1;0;0;0;0;0;0;0;0;0;5;0;0;0;1;0;0;0;0;0;0;0;0;0;0;0
Alimentaire;Champagne;Moët et Chandon;";2022=1";;;;;;;;;;;;;;;;;;;;;;;;;;;;;;;;;;;;;20 Av. de Champagne;Épernay;51200;03 26 51 21 00;https://www.moet.com/fr-fr/visit-us;49.04314908468109, 3.9596984759846503;;;;;;;;42;N° 42 Moët et Chandon;65;N° 65 Moët et Chandon;;;;;;;;;1;0;0;0;0;0;0;0;0;0;5;0;0;0;1;0;0;0;0;0;0;0;0;0;0;0
Alimentaire;Boulangerie industrielle;Le Bon Pain de France;"; 2023=1;2022=2 ; 2021=2 ; 2020=1";;;;;;;;;;;;;;;;;;;;;;;;;;;;;;;;;;;;;1 Rue des Maraichers;Saint-Adré-les-Vergers;10120;03 25 45 12 5;http://www.bonpaindefrance.com/;48.270692750770586, 4.0464962018299815;;;;;;;;1;N° 1 Le Bon Pain de France;2;N° 2 Le Bon Pain de France;;;;;;;;1;2;2;1;;;;;;;;30;16;0;0;2;1;0;0;0;0;1;2;0;0;0;0
Médical;Hôpital;Hôpital Simone Veil (Troyes);"; 2023=2;2022=1";;;;;;;;;;;;;;;;;;;;;;;;;;;;;;;;;;;;;101 Avenue Anatole France;Troyes;10000;03 25 49 49 60;https://fr.linkedin.com/company/centre-hospitalier-de-troyes;48.27925022914768, 4.0680746183111705;;;;;;;;5;N° 5 Hôpital Simone Veil (Troyes);7;N° 7 Hôpital Simone Veil (Troyes);;;;;;;;2;1;0;0;;;;;;;;17;12;0;0;1;0;0;0;0;0;2;0;0;0;0;0
Alimentaire;Farine;MINOTERIE GIRARDEAU;";2022=1";;;;;;;;;;;;;;;;;;;;;;;;;;;;;;;;;;;;;ZI LE FROMENTEAU;BOUSSAY;44190;02 40 06 86 86;https://fr.linkedin.com/company/minoterie-girardeau;47.05932601130899, -1.1863253402368705;;;;;;;;42;N° 42 MINOTERIE GIRARDEAU;65;N° 65 MINOTERIE GIRARDEAU;;;;;;;;;1;0;0;0;0;0;0;0;0;0;5;0;0;0;1;0;0;0;0;0;0;0;0;0;0;0
Médical;Laboratoire;Laboratoire LAVAD 10 ;"; 2023=1;2022=1";;;;;;;;;;;;;;;;;;;;;;;;;;;;;;;;;;;;;Chemin des champs de la loge;Troyes;10006;03 25 42 52 00;https://www.aube.fr/106-laboratoire-departemental-d-analyses.htm;48.315182625159295, 4.06959789657224;;;;;;;;9;N° 9 Laboratoire LAVAD 10 ;18;N° 18 Laboratoire LAVAD 10 ;;;;;;;;1;1;0;0;0;0;0;0;0;0;0;11;6;0;0;1;0;0;0;0;0;1;0;0;0;0;0
Alimentaire;Boulangerie;FOURNIL PLIQUE SARL;";2022=1";;;;;;;;;;;;;;;;;;;;;;;;;;;;;;;;;;;;;126 rue de Preize;Troyes;10000;03 25 76 13 33;https://fr.linkedin.com/company/fournil-plique;48.30820066617622, 4.06831726245303;;;;;;;;42;N° 42 FOURNIL PLIQUE SARL;65;N° 65 FOURNIL PLIQUE SARL;;;;;;;;;1;0;0;;;;;;;;5;0;0;0;1;0;0;0;0;0;0;0;0;0;0;0
Alimentaire;fromagerie;GAEC des Tilleuls;";2022=1";;;;;;;;;;;;;;;;;;;;;;;;;;;;;;;;;;;;;24 Grande rue;Marolles Les Bailly;10100;06 86 72 00 93;https://maliceetfromageblanc.fr/;48.186500588786295, 4.349400815476413;;;;;;;;42;N° 42 GAEC des Tilleuls;65;N° 65 GAEC des Tilleuls;;;;;;;;;1;0;0;0;0;0;0;0;0;0;5;0;0;0;1;0;0;0;0;0;0;0;0;0;0;0
Alimentaire;Boulangerie;PAIN GOURMAND;";2022=1";;;;;;;;;;;;;;;;;;;;;;;;;;;;;;;;;;;;;8, Boulevard Goerges Pompidou;Troyes;10000;03 25 49 97 55;https://fr.linkedin.com/in/frederic-amiot-487000144;48.28671894658467, 4.079085980556557;;;;;;;;42;N° 42 PAIN GOURMAND;65;N° 65 PAIN GOURMAND;;;;;;;;;1;0;0;0;0;0;0;0;0;0;5;0;0;0;1;0;0;0;0;0;0;0;0;0;0;0
Alimentaire;Fruits et Légumes;COOPERATIVE DE FRUITS & LEGUMES DES P.O.;";2022=1";;;;;;;;;;;;;;;;;;;;;;;;;;;;;;;;;;;;;ZA rue Henri MARCHAL;SAINT-HYPPOLYTE;65510;04 68 59 59 59;https://www.teraneo.eu/fr;42.774457343222586, 2.9597828127105457;;;;;;;;42;N° 42 COOPERATIVE DE FRUITS & LEGUMES DES P.O.;65;N° 65 COOPERATIVE DE FRUITS & LEGUMES DES P.O.;;;;;;;;;1;0;0;0;0;0;0;0;0;0;5;0;0;0;1;0;0;0;0;0;0;0;0;0;0;0
Cosmétique;Cosmétiques & parfums;Christian DIOR;";2022=1";;;;;;;;;;;;;;;;;;;;;;;;;;;;;;;;;;;;;185 avenue de Verdun;SAINT JEAN DE BRAYE;45800;02 38 60 30 30;https://www.linkedin.com/company/parfums-christian-dior;47.92687770846521, 1.9896248984419156;;;;;;;;42;N° 42 Christian DIOR;65;N° 65 Christian DIOR;;;;;;;;;1;0;0;0;0;0;0;0;0;0;5;0;0;0;1;0;0;0;0;0;0;0;0;0;0;0
Alimentaire;fromagerie;NOUVELLE FROMAGERIE DE VAUDES;";2022=1  ; 2020=1  ; 2018=1";;;;;;;;;;;;;;;;;;;;;;;;;;;;;;;;;;;;;Grande Rue;Vaudes;10260;03 25 40 92 33;https://fr.linkedin.com/company/nouvelle-fromagerie-de-vaudes;48.17420979961018, 4.1957788960244935;;;;;;;;8;N° 8 NOUVELLE FROMAGERIE DE VAUDES;65;N° 65 NOUVELLE FROMAGERIE DE VAUDES;;;;;;;;;1;0;1;;1;;;;;;12;0;0;0;1;1;1;0;0;0;0;0;0;0;0;0
Médical;Laboratoire;LATTICE MEDICAL;";2022=1";;;;;;;;;;;;;;;;;;;;;;;;;;;;;;;;;;;;;80 rue du Dr Yersin;Loos;59120;09 73 79 84 12;https://www.eurasante.com/entreprises/lattice-medical/;50.60490393972481, 3.0270315942823336;;;;;;;;42;N° 42 LATTICE MEDICAL;65;N° 65 LATTICE MEDICAL;;;;;;;;;1;0;0;0;0;0;0;0;0;0;5;0;0;0;1;0;0;0;0;0;0;0;0;0;0;0
Alimentaire;Contre qualité des pommes de terre;EUROCELP;";2022=1 ; 2021=1";;;;;;;;;;;;;;;;;;;;;;;;;;;;;;;;;;;;;14 rue des près de Lyon;LA CHAPELLE-SAINT-LUC;10600;09 52 04 82 74;https://fr.linkedin.com/company/eurocelp;48.31406075898062, 4.02873994075064;;;;;;;;12;N° 12 EUROCELP;29;N° 29 EUROCELP;;;;;;;;;1;1;0;;;;;;;;10;5;0;0;1;0;0;0;0;0;0;1;0;0;0;0
Alimentaire;brasserie;C'EST DE LA BAL;";2022=1 ; 2021=1";;;;;;;;;;;;;;;;;;;;;;;;;;;;;;;;;;;;;78 Rue Roger Salengro;Neuves-Maisons;54230;07 69 27 12 18;https://fr.linkedin.com/in/nadege-parmentier-584319208;48.6168082487408, 6.096208271443422;;;;;;;;12;N° 12 C'EST DE LA BAL;29;N° 29 C'EST DE LA BAL;;;;;;;;;1;1;0;0;0;0;0;0;0;0;10;5;0;0;1;0;0;0;0;0;0;1;0;0;0;0
Médical;Laboratoire;DYNALAB;"; 2023=1;2022=1 ; 2021=2";;;;;;;;;;;;;;;;;;;;;;;;;;;;;;;;;;;;;9 Rue Bernard Palissy;LA CHAPELLE-SAINT-LUC;10600;03 25 43 35 43;https://fr.linkedin.com/company/laboratoire-dynalab;48.3069560666371, 4.039610456093209;;;;;;isabelle.hild@dynalab.fr;;4;N° 4 DYNALAB;2;N° 2 DYNALAB;;;;;;;;1;1;2;0;0;0;0;0;0;0;0;21;16;0;0;1;0;0;0;0;0;1;2;0;0;0;0
Alimentaire;vin;Chassenay d'Arce;";2022=1";;;;;;;;;;;;;;;;;;;;;;;;;;;;;;;;;;;;;11, rue du pressoir;VILLE sur ARCE;10110;03 25 38 30 70;https://chassenay.com/contact/;48.10658223787914, 4.445766861028202;;;;;;;;42;N° 42 Chassenay d'Arce;65;N° 65 Chassenay d'Arce;;;;;;;;;1;0;0;0;0;0;0;0;0;0;5;0;0;0;1;0;0;0;0;0;0;0;0;0;0;0
Alimentaire;vin;Union Auboise (Champagne Devaux);"; 2021=1";;;;;;;;;;;;;;;;;;;;;;;;;;;;;;;;;;;;;Domaine de Villeneuve BP17;Bar sur Seine;10110;03 25 38 30 65;http://www.champagne-devaux.fr/;48.094576200049396, 4.382040438161986;;;;;;;;42;N° 42 Union Auboise (Champagne Devaux);29;N° 29 Union Auboise (Champagne Devaux);;;;;;;;;0;1;0;0;0;0;0;0;0;0;5;5;0;0;0;0;0;0;0;0;0;1;0;0;0;0
Alimentaire;boucherie industrielle;MOY PARK BEEF;"; 2021=1";;;;;;;;;;;;;;;;;;;;;;;;;;;;;;;;;;;;;6 rue dis pins;FLEURY LES Aubrays;45400;02 38 70 90 90;https://fr.linkedin.com/company/moy-park-beef-orl%C3%A9ans;47.94555916427668, 1.9318395272488647;;;;;;;;42;N° 42 MOY PARK BEEF;29;N° 29 MOY PARK BEEF;;;;;;;;;0;1;0;0;0;0;0;0;0;0;5;5;0;0;0;0;0;0;0;0;0;1;0;0;0;0
Alimentaire;boucherie industrielle;Saviel Jean Rozé;"; 2021=1";;;;;;;;;;;;;;;;;;;;;;;;;;;;;;;;;;;;;"4 Rue de Prague 
Parc du Grand Troyes";SAINTE-SAVINE;10300;03 25 45 19 30;https://fr.linkedin.com/company/sva-jean-roze;48.297253607371196, 4.011911606670133;;;;;;;;42;N° 42 Saviel Jean Rozé;29;N° 29 Saviel Jean Rozé;;;;;;;;;0;1;0;;;;;;;;5;5;0;0;0;0;0;0;0;0;0;1;0;0;0;0
Alimentaire;fromagerie;FROMAGERIE de CHAMP sus Barse;"; 2021=1";;;;;;;;;;;;;;;;;;;;;;;;;;;;;;;;;;;;;Ferme du Champ Roy 3 grande rue;Champ sur Barse;10140;03 25 70 67 30;https://domaine-foret-orient.com/ferme-du-champ-roy/;48.239748219847165, 4.4132390153950825;;;;;;;;42;N° 42 FROMAGERIE de CHAMP sus Barse;29;N° 29 FROMAGERIE de CHAMP sus Barse;;;;;;;;;0;1;0;;;;;;;;5;5;0;0;0;0;0;0;0;0;0;1;0;0;0;0
Alimentaire;cidre et boissons;ECLOR BOISSONS;"; 2021=1";;;;;;;;;;;;;;;;;;;;;;;;;;;;;;;;;;;;;5 rue du Croc du Gré;Chaource;10210;03 25 40 11 01;https://fr.linkedin.com/company/eclor;48.05690204932341, 4.140379190284533;;;;;;;;42;N° 42 ECLOR BOISSONS;29;N° 29 ECLOR BOISSONS;;;;;;;;;0;1;0;;;;;;;;5;5;0;0;0;0;0;0;0;0;0;1;0;0;0;0
Médical;Hôpital;CENTRE DE REEDUCATION PASTEUR;"; 2021=1";;;;;;;;;;;;;;;;;;;;;;;;;;;;;;;;;;;;;5 Esplanade Lucien Péchart;Troyes;10000;03 25 43 78 84;https://fr.linkedin.com/in/crrf-pasteur-pasteur-084993150;48.30244724548061, 4.062274653126366;;;;;;;;42;N° 42 CENTRE DE REEDUCATION PASTEUR;29;N° 29 CENTRE DE REEDUCATION PASTEUR;;;;;;;;;0;1;0;0;0;0;0;0;0;0;5;5;0;0;0;0;0;0;0;0;0;1;0;0;0;0
Alimentaire;plats cuisinés surgelés;PIERRON;"; 2021=2";;;;;;;;;;;;;;;;;;;;;;;;;;;;;;;;;;;;;32 Route D'Euville;Commercy;55200;03 29 91 07 92;http://www.pierron-commercy.com/;48.760389520224045, 5.60242101665896;;;;;;;;12;N° 12 PIERRON;8;N° 8 PIERRON;;;;;;;;;0;2;0;0;0;0;0;0;0;0;10;10;0;0;0;0;0;0;0;0;0;2;0;0;0;0
Alimentaire;Abattoir;Société Exploitation Abattoirs de Chaumont;"; 2021=1";;;;;;;;;;;;;;;;;;;;;;;;;;;;;;;;;;;;;1 Rue de l'Abattoir;Chaumont;52000;03 25 03 89 71;https://www.lafranceagricole.fr/actualites/elevage/haute-marne-unnouvelabattoirpour2023-1,1,2695094608.html;48.122253376491585, 5.151000379375074;;;;;;;;42;N° 42 Société Exploitation Abattoirs de Chaumont;29;N° 29 Société Exploitation Abattoirs de Chaumont;;;;;;;;;0;1;0;0;0;0;0;0;0;0;5;5;0;0;0;0;0;0;0;0;0;1;0;0;0;0
Alimentaire;Abattoir;SICABA;                  ;;;;;;;;;;;;;;;;;;;;;;;;;;;;;;;;;;;;;4 Av. des Tirverts;Pont-Sainte-Marie;10150;03 25 80 09 42;https://fr.kompass.com/c/s-i-c-a-b-a/fr0126279/;48.31549179494977, 4.084672859229383;;;;;;;;65;N° 65 SICABA;65;N° 65 SICABA;;;;;;;;;0;0;0;0;0;;;;;;0;0;0;0;0;0;0;0;0;0;0;0;0;0;0;0
Alimentaire;fruits surgelés;FRUITS ROUGES & CO;"; 2021=2 ; 2020=2 ; 2019=1";;;;;;;;;;;;;;;;;;;;;;;;;;;;;;;;;;;;;1 Rue Jean Bodin;Laon;02000;03 23 28 49 49;https://www.fruitsrougesandco.com/;49.57972380664785, 3.6535650844155403;;;;;;h.pierre@lesfruitsrouges.com;;3;N° 3 FRUITS ROUGES & CO;4;N° 4 FRUITS ROUGES & CO;;;;;;;;;0;2;2;1;0;0;0;0;0;0;22;14;0;0;0;2;0;0;0;0;0;2;1;0;0;0
Alimentaire;boissons en poudre;NESTLE;"; 2021=1";;;;;;;;;;;;;;;;;;;;;;;;;;;;;;;;;;;;;11 Avenue Jean Jaurès;Challerange;08400;03 24 71 10 55;http://www.nestle.fr/;49.307704602490155, 4.747362973854435;;;;;;;;42;N° 42 NESTLE;29;N° 29 NESTLE;;;;;;;;;0;1;0;0;0;0;0;0;0;0;5;5;0;0;0;0;0;0;0;0;0;1;0;0;0;0
Alimentaire;brasserie;BRASSERIE LARCHÉ;"; 2021=1";;;;;;;;;;;;;;;;;;;;;;;;;;;;;;;;;;;;;89 Rue Bellocier;Sens;89100;03 86 65 19 89;https://www.brasserie-larche.fr/;48.203452368770066, 3.267762776392258;;;;;;;;42;N° 42 BRASSERIE LARCHÉ;29;N° 29 BRASSERIE LARCHÉ;;;;;;;;;0;1;0;0;0;0;0;0;0;0;5;5;0;0;0;0;0;0;0;0;0;1;0;0;0;0
Alimentaire;andouillettes;AT France;;;;;;;;;;;;;;;;;;;;;;;;;;;;;;;;;;;;;;5 Avenue des Tirverts, ZI Écrevolles;Pont-Sainte-Marie;10150;03 25 70 42 50;https://gilbert-lemelle.fr/nos-specialites/plat-de-pays/veritable-andouillette-de-troyes-aaaaa/;48.31607075966144, 4.081159695265209;;;;;;;;8;N° 8 AT France;7;N° 7 AT France;;;;;;;;2;0;0;0;0;0;0;0;0;0;0;12;12;0;0;0;0;0;0;0;0;2;0;0;0;0;0
Alimentaire;Analyses par histologie;Althisia;"; 2016=2";;;;;;;;;;;;;;;;;;;;;;;;;;;;;;;;;;;;;11 rue marie Curie;Troyes;10000;0325780178;https://www.althisia.com/;48.26942051078741, 4.074062330834542;;;;;;;;55;N° 55 Althisia;65;N° 65 Althisia;;;;;;;;;0;0;0;0;0;0;2;0;0;0;4;0;0;0;0;0;0;2;0;0;0;0;0;0;0;0
Alimentaire;Prémix boulangerie;Millbäcker;                  ;;;;;;;;;;;;;;;;;;;;;;;;;;;;;;;;;;;;;Zone Industrielle La Fonderie;Torcy-le-petit;10700;03 25 37 79 37;https://www.millbaker.com/fr/;48.52691273469667, 4.186279116074224;;;;;;;;65;N° 65 Millbäcker;65;N° 65 Millbäcker;;;;;;;;;0;0;0;;;;;;;;0;0;0;0;0;0;0;0;0;0;0;0;0;0;0;0
Alimentaire;Fruits et Légumes;Ghisetti 1870;                  ;;;;;;;;;;;;;;;;;;;;;;;;;;;;;;;;;;;;;ZA la Raccroche - Route d'Ormes;Le Chêne;10700;03 25 37 21 21;https://fr.linkedin.com/company/ghisetti-1870-france;48.552470414959565, 4.135104184934826;;;;;;vdorier@ghisetti.fr;;65;N° 65 Ghisetti 1870;65;N° 65 Ghisetti 1870;;;;;;;;;0;0;0;;;;;;;;0;0;0;0;0;0;0;0;0;0;0;0;0;0;0;0
Alimentaire;brasserie;Les brasseurs de Lorraine;"; 2020=1";;;;;;;;;;;;;;;;;;;;;;;;;;;;;;;;;;;;;3 Rue du Bois le Prêtre;Pont-à-Mousson;54700;0383800264;http://www.brasseurs-lorraine.com/;48.906672602418595, 6.05042145610776;;;;;;;;55;N° 55 Les brasseurs de Lorraine;65;N° 65 Les brasseurs de Lorraine;;;;;;;;;0;0;1;;;;;;;;4;0;0;0;0;1;0;0;0;0;0;0;0;0;0;0
Alimentaire;brasserie;Brasserie de Vauclair;"; 2020=1";;;;;;;;;;;;;;;;;;;;;;;;;;;;;;;;;;;;;Lieu-dit Vauclair;Giey-sur-Aujon;52210;0325010040;https://www.la-choue.com/;47.91193680532275, 5.067488399608844;;;;;;;;55;N° 55 Brasserie de Vauclair;65;N° 65 Brasserie de Vauclair;;;;;;;;;0;0;1;;;;;;;;4;0;0;0;0;1;0;0;0;0;0;0;0;0;0;0
Alimentaire;Fruits et Légumes;Société Godeau et Fils;"; 2020=1";;;;;;;;;;;;;;;;;;;;;;;;;;;;;;;;;;;;;613 Rue du Pressoir Tonneau; Olivet;45160;0238690172;https://godeauetfils.fr/;47.860788828227264, 1.8949440253970478;;;;;;;;55;N° 55 Société Godeau et Fils;65;N° 65 Société Godeau et Fils;;;;;;;;;0;0;1;0;0;0;0;0;0;0;4;0;0;0;0;1;0;0;0;0;0;0;0;0;0;0
Alimentaire;Biscuiterie;Biscuit Addict;"; 2020=1";;;;;;;;;;;;;;;;;;;;;;;;;;;;;;;;;;;;;1+ avenue de la république;Chaumont;52000;0325019099;http://www.biscuitaddict.com/;48.104349717180455, 5.1435994388957855;;;;;;;;55;N° 55 Biscuit Addict;65;N° 65 Biscuit Addict;;;;;;;;;0;0;1;0;0;0;0;0;0;0;4;0;0;0;0;1;0;0;0;0;0;0;0;0;0;0
Alimentaire;Fromagerie;FROMAGERIE de Mussy;"; 2020=1";;;;;;;;;;;;;;;;;;;;;;;;;;;;;;;;;;;;;Rte des Maisons; Chaource;10210;0325732435;http://www.fromageriedemussy.fr/;48.05239013113076, 4.137758503713722;;;;;;;;55;N° 55 FROMAGERIE de Mussy;65;N° 65 FROMAGERIE de Mussy;;;;;;;;;0;0;1;;;;;;;;4;0;0;0;0;1;0;0;0;0;0;0;0;0;0;0
Alimentaire;Fruits et Légumes;Priméale France - Champagne;"; 2020=1";;;;;;;;;;;;;;;;;;;;;;;;;;;;;;;;;;;;;Rte d'Arcis;Méry-sur-Seine;10170;0325219980;https://www.primeale.fr/recrutement/?contrat=&secteur=&lieu=mery-sur-seine-10;48.513342554855186, 3.9066150138954288;;;;;;;;55;N° 55 Priméale France - Champagne;65;N° 65 Priméale France - Champagne;;;;;;;;;0;0;1;;;;;;;;4;0;0;0;0;1;0;0;0;0;0;0;0;0;0;0
Cosmétique;produits cosmétiques;PREVOST LABORATORY CONCEPT;";2022=1      ; 2016=2";;;;;;;;;;;;;;;;;;;;;;;;;;;;;;;;;;;;;Z.A. de l'Ecotay;NOUVOITOU;35410;02 99 37 28 30;http://www.prevostlaboratoryconcept.com/;48.041325811620624, -1.5361219259639205;;;;;;;;13;N° 13 PREVOST LABORATORY CONCEPT;65;N° 65 PREVOST LABORATORY CONCEPT;;;;;;;;;1;0;0;0;0;0;2;0;0;0;9;0;0;0;1;0;0;2;0;0;0;0;0;0;0;0
Alimentaire;Céréales;SCARA;"; 2023=1";;;;;;;;;;;;;;;;;;;;;;;;;;;;;;;;;;;;;ZI de Vilette sur Aube;Vilette sur Aube;10700;0325378105;https://www.scara.fr/;48.53562685807154, 4.126662698427371;;;;;;accueil@scara.fr;;23;N° 23 SCARA;18;N° 18 SCARA;;;;;;;;1;0;0;0;0;0;0;0;0;0;0;6;6;0;0;0;0;0;0;0;0;1;0;0;0;0;0
Alimentaire;Arômes;Fontarôme;"; 2023=1";;;;;;;;;;;;;;;;;;;;;;;;;;;;;;;;;;;;;Z.I. du Vert Galant, 66-68 avenue du Château;Saint-Ouen l’Aumône;95310;0184038403;http://fontarome.fr/;49.05475313060089, 2.132478711964728;;;;;;;;23;N° 23 Fontarôme;18;N° 18 Fontarôme;;;;;;;;1;0;0;0;0;0;0;0;0;0;0;6;6;0;0;0;0;0;0;0;0;1;0;0;0;0;0
Médical;Hôpital;HÔPITAL MONT SAINT MARTIN;"; 2023=1";;;;;;;;;;;;;;;;;;;;;;;;;;;;;;;;;;;;;4 Rue Alfred LABBE;MONT SAINT MARTIN;54350;03 82 44 70 00;https://www.hopital-montsaintmartin.com/;49.53763654109537, 5.780671984958848;;;;;;anastassia.reznitchenko@groupe-sos.org;;23;N° 23 HÔPITAL MONT SAINT MARTIN;18;N° 18 HÔPITAL MONT SAINT MARTIN;;;;;;;;1;0;0;0;0;0;0;0;0;0;0;6;6;0;0;0;0;0;0;0;0;1;0;0;0;0;0
Alimentaire;Restauration collective en milieu hospitalier;SODEXO SANTE MEDICO SOCIAL;"; 2023=2";;;;;;;;;;;;;;;;;;;;;;;;;;;;;;;;;;;;;17 Rue Charles BALTET;Saint-Adré-les-Vergers;10120;03 25 79 60 27;https://www.elsan.care/fr/polyclinique-montier-la-celle;48.2851897696003, 4.057692050801187;;;;;;bruno.marthelot@sodexo.com;;8;N° 8 SODEXO SANTE MEDICO SOCIAL;7;N° 7 SODEXO SANTE MEDICO SOCIAL;;;;;;;;2;0;0;0;0;0;0;0;0;0;0;12;12;0;0;0;0;0;0;0;0;2;0;0;0;0;0
Alimentaire;chocolatier confiseur;CÉMOI CONFISEUR;"; 2023=1;2022=1  ; 2020=1 ; 2019=2";;;;;;;;;;;;;;;;;;;;;;;;;;;;;;;;;;;;;10 Rue du Labourat ZI Les Ecrevolles - TS 40617;Troyes;10000; 03 25 45 86 67;https://www.cemoi.fr/;48.31435802827269, 4.077816098422007;;;;;;e.guerin@cemoi.fr;;2;N° 2 CÉMOI CONFISEUR;4;N° 4 CÉMOI CONFISEUR;;;;;;;;1;1;0;1;2;;;;;;;23;14;0;0;1;1;0;0;0;0;1;0;2;0;0;0
Alimentaire;chocolatier confiseur;Maison Caffet;"; 2020=1 ; 2019=1";;;;;;;;;;;;;;;;;;;;;;;;;;;;;;;;;;;;;ZI des, 3 avenue Tirverts, Rue des Ecrevolles;Pont-Sainte-Marie;10150;0325803838;https://fr.linkedin.com/company/sas-caffet-&-cie;48.31427047886522, 4.083095743333003;;;;;;;;14;N° 14 Maison Caffet;35;N° 35 Maison Caffet;;;;;;;;;0;0;1;1;;;;;;;8;4;0;0;0;1;0;0;0;0;0;0;1;0;0;0
Alimentaire;fromagerie;SAS Tilly;"; 2020=1";;;;;;;;;;;;;;;;;;;;;;;;;;;;;;;;;;;;;24 Rte de Hellimer;Nelling;57670;0387016035;https://fr.linkedin.com/company/tilly57?original_referer=https%3A%2F%2Fsearch.lilo.org%2F%3Fq%3Dboulangerie%2Btilly;48.96869974593401, 6.865218895401549;;;;;;servicequalite@tilly.fr;;55;N° 55 SAS Tilly;65;N° 65 SAS Tilly;;;;;;;;;0;0;1;0;0;0;0;0;0;0;4;0;0;0;0;1;0;0;0;0;0;0;0;0;0;0
Médical;Laboratoire;CHU de REIMS - Pôle Biologie - Labo Parasitologie;"; 2019=1";;;;;;;;;;;;;;;;;;;;;;;;;;;;;;;;;;;;;45 Rue Cognacq Jay;Reims;51092;03 26 78 77 66;https://www.chu-reims.fr/offre-de-soins/prises-en-charge/service/pole-de-biologie-medicale-et-pathologie;49.2300758208083, 4.0194415654220546;;;;;;;;55;N° 55 CHU de REIMS - Pôle Biologie - Labo Parasitologie;35;N° 35 CHU de REIMS - Pôle Biologie - Labo Parasitologie;;;;;;;;;0;0;0;1;0;0;0;0;0;0;4;4;0;0;0;0;0;0;0;0;0;0;1;0;0;0
Alimentaire;Restauration collective en milieu hospitalier;Centre hospitalier de Bar-sur-Seine;"; 2019=1";;;;;;;;;;;;;;;;;;;;;;;;;;;;;;;;;;;;;6, rue du stade;Bar-sur-Seine;10110;0325383838;https://emploi.hopitauxchampagnesud.fr/spontane/tout;48.121014708525244, 4.374240727253072;;;;;;;;55;N° 55 Centre hospitalier de Bar-sur-Seine;35;N° 35 Centre hospitalier de Bar-sur-Seine;;;;;;;;;0;0;0;1;0;0;0;0;0;0;4;4;0;0;0;0;0;0;0;0;0;0;1;0;0;0
Médical;Don du sang;Établissement français du sang - Grand Est;"; 2019=1";;;;;;;;;;;;;;;;;;;;;;;;;;;;;;;;;;;;;85 Bd Lobau CS 10720;Nancy;54064;0383447128;https://dondesang.efs.sante.fr/grand-est/maison-du-don-de-nancy;48.68658099780724, 6.195652812660157;;;;;;;;55;N° 55 Établissement français du sang - Grand Est;35;N° 35 Établissement français du sang - Grand Est;;;;;;;;;0;0;0;1;0;0;0;0;0;0;4;4;0;0;0;0;0;0;0;0;0;0;1;0;0;0
Alimentaire;Tartes flambées;FLAMM TOP;"; 2019=1";;;;;;;;;;;;;;;;;;;;;;;;;;;;;;;;;;;;;Rue de l'Artisanat;Sarrebourg;57400;0387032416;http://www.maitrepierre.com/index.php;48.740773296365866, 7.077359267796908;;;;;;;;55;N° 55 FLAMM TOP;35;N° 35 FLAMM TOP;;;;;;;;;0;0;0;1;0;0;0;0;0;0;4;4;0;0;0;0;0;0;0;0;0;0;1;0;0;0
Alimentaire;Pommes de terre;SAS l’Aube des champs;"; 2019=1";;;;;;;;;;;;;;;;;;;;;;;;;;;;;;;;;;;;;Route Allibaudieres;Le Chêne;10700;0608995184;https://www.linkedin.com/company/l%27aube-des-champs;48.55617985963438, 4.136695717415357;;;;;;;;55;N° 55 SAS l’Aube des champs;35;N° 35 SAS l’Aube des champs;;;;;;;;;0;0;0;1;;;;;;;4;4;0;0;0;0;0;0;0;0;0;0;1;0;0;0
Alimentaire;Emballages carton;Montgolfier;                  ;;;;;;;;;;;;;;;;;;;;;;;;;;;;;;;;;;;;;1 Rue Georges Bizet;LA CHAPELLE-SAINT-LUC;10600;0325832500;https://fr.linkedin.com/company/montgolfier-emballages;48.31340650822486, 4.036508839431032;;;;;;;;65;N° 65 Montgolfier;65;N° 65 Montgolfier;;;;;;;;0;0;0;0;0;;;;;;;0;0;0;0;0;0;0;0;0;0;0;0;0;0;0;0
Alimentaire;Fromagerie;ENTREMONT Alliance;"; 2023=1";;;;;;;;;;;;;;;;;;;;;;;;;;;;;;;;;;;;;Route Epinant Z.I. des Noëls;MONTIGNY-LE-ROI;52140;03 25 90 31 71;https://fr.linkedin.com/company/entremont-alliance;47.999052698376914, 5.484293059091894;;;;;;BGARRY@entremont.com;;23;N° 23 ENTREMONT Alliance;18;N° 18 ENTREMONT Alliance;;;;;;;;1;0;0;0;0;;;;;;;6;6;0;0;0;0;0;0;0;0;1;0;0;0;0;0
Médical;Dispositifs médicaux;BIOSERENITY;"; 2023=1";;;;;;;;;;;;;;;;;;;;;;;;;;;;;;;;;;;;; 12 rue Gustave EIFFEL;ROSIERES-PRES-TROYES;10430;0;https://technopole-aube.fr/startup/bioserenity/;48.26604528801132, 4.075398962744034;;;;;;;;23;N° 23 BIOSERENITY;18;N° 18 BIOSERENITY;;;;;;;;1;0;0;0;0;0;0;0;0;0;0;6;6;0;0;0;0;0;0;0;0;1;0;0;0;0;0
Cosmétique;Conditionnement coffrets;VERPACK - CLP PACKAGING;"; 2023=1";;;;;;;;;;;;;;;;;;;;;;;;;;;;;;;;;;;;;10 rue Georges Clémenceau;MIGENNES;89400;03 86 92 06 90;https://www.verpack.fr/;47.972062853988554, 3.5316508226592793;;;;;;;;23;N° 23 VERPACK - CLP PACKAGING;18;N° 18 VERPACK - CLP PACKAGING;;;;;;;;1;0;0;0;0;0;0;0;0;0;0;6;6;0;0;0;0;0;0;0;0;1;0;0;0;0;0
Alimentaire;Analyses;SOFRALAB;"; 2023=1";;;;;;;;;;;;;;;;;;;;;;;;;;;;;;;;;;;;;1 Bis avenue du professeur Paul PORTIER;Bar-sus-Seine;10110;03 25 29 98 45;http://www.oenotechnic.com/;48.1094688292678, 4.377274509000101;;;;;; sgorny@sofralab.com;;23;N° 23 SOFRALAB;18;N° 18 SOFRALAB;;;;;;;;1;0;0;0;0;0;0;0;0;0;0;6;6;0;0;0;0;0;0;0;0;1;0;0;0;0;0
Alimentaire;Confiserie;DOLIS;"; 2023=1";;;;;;;;;;;;;;;;;;;;;;;;;;;;;;;;;;;;;Avenue de Genève;SAINT-FLORENTIN;89600;0386350885;http://dupontdisigny.com/lentreprise/lusine-de-dolis/;47.998435406269486, 3.738768639035251;;;;;;;;23;N° 23 DOLIS;18;N° 18 DOLIS;;;;;;;;1;0;0;0;0;0;0;0;0;0;0;6;6;0;0;0;0;0;0;0;0;1;0;0;0;0;0
Alimentaire;Grand distribution;E.Leclerc SAINT DENIS LES SENS;"; 2023=1";;;;;;;;;;;;;;;;;;;;;;;;;;;;;;;;;;;;;Le pré Aubert;SAINT DENIS LES SENS;89100;0386644000;https://www.e.leclerc/mag/e-leclerc-saint-denis-les-sens;48.21889349554345, 3.277120413576041;;;;;;;;23;N° 23 E.Leclerc SAINT DENIS LES SENS;18;N° 18 E.Leclerc SAINT DENIS LES SENS;;;;;;;;1;0;0;0;0;0;0;0;0;0;0;6;6;0;0;0;0;0;0;0;0;1;0;0;0;0;0
Médical;Stérilisation;IONISOS;                  ;;;;;;;;;;;;;;;;;;;;;;;;;;;;;;;;;;;;;ZI;CHAUMESNIL;10500;03.25.92.99.05;https://www.ionisos.com/nos-sites/ionisos-france/;48.35978077586589, 4.614943468703092;;;;;;info@ionisos.fr;;65;N° 65 IONISOS;65;N° 65 IONISOS;;;;;;;;0;0;0;0;0;0;0;0;0;0;0;0;0;0;0;0;0;0;0;0;0;0;0;0;0;0;0
Lycée;Étudiants en  BTS Bioqualité;Lycée Les Lombards;                  ;;;;;;;;;;;;;;;;;;;;;;;;;;;;;;;;;;;;;12 avenue les Lombards;Troyes;10000;0325714660;https://fr.linkedin.com/company/lycee-polyvalent-les-lombards/;48.27385633751622, 4.071713932691602;;;;;;ce.0100025y@ac-reims.fr;;3;N° 3 Lycée Les Lombards;3;N° 3 Lycée Les Lombards;;;;;;;;;;;;;;;;;;;0;0;0;0;0;0;0;0;0;0;0;0;0;0;0;0
;;;;;;;;;;;;;;;;;;;;;;;;;;;;;;;;;;;;;;;;;;;;;;;;;;;;;;;;;;;;;;;;;;;;;;;;;;;;;;;;;;;;;;;;;;;;
;;;;;;;;;;;;;;;;;;;;;;;;;;;;;;;;;;;;;;;;;;;;;;;;;;;;;;;;;;;;;;;;;;;;;;;;;;;;;;;;;;;;;;;;;;;;
;;;;;;;;;;;;;;;;;;;;;;;;;;;;;;;;;;;;;;;;;;;;;;;;;;;;;;;;;;;;;;;;;;;;;;;;;;;;;;;;;;;;;;;;;;;;
;;;;;;;;;;;;;;;;;;;;;;;;;;;;;;;;;;;;;;;;;;;;;;;;;;;;;;;;;;;;;;;;;;;;;;;;;;;;;;;;;;;;;;;;;;;;
